{"node_nll_p99": 15.185514144897454, "graph_latency_nll_p99": 141.7760809326166, "graph_structure_nll_p99": 11.77920986175535}