{"node_nll_p99": 7.333502416610617, "graph_latency_nll_p99": 141.77550842285154, "graph_structure_nll_p99": 10.201137046813965}